{
  "version": 1,
  "author": "Junior Silva",
  "editor": "wokwi",
  "parts": [
    { "type": "board-esp32-devkit-c-v4", "id": "esp", "top": 0, "left": 0, "attrs": {} },
    { "type": "wokwi-dht22", "id": "dht1", "top": -134.1, "left": 23.4, "attrs": {} },
    {
      "type": "wokwi-hc-sr04",
      "id": "ultrasonic1",
      "top": -286.5,
      "left": -32.9,
      "attrs": { "distance": "100" }
    },
    {
      "type": "wokwi-pir-motion-sensor",
      "id": "pir1",
      "top": -111.2,
      "left": 213.42,
      "attrs": {}
    },
    {
      "type": "wokwi-photoresistor-sensor",
      "id": "ldr1",
      "top": 185.6,
      "left": -296.8,
      "attrs": {}
    },
    {
      "type": "wokwi-resistor",
      "id": "r1",
      "top": 195.95,
      "left": -96,
      "attrs": { "value": "1000" }
    }
  ],
  "connections": [
    [ "esp:TX", "$serialMonitor:RX", "", [] ],
    [ "esp:RX", "$serialMonitor:TX", "", [] ],
    [ "dht1:VCC", "esp:3V3", "red", [ "v9.6", "h-48", "v67.2" ] ],
    [ "dht1:SDA", "esp:21", "green", [ "v9.6", "h67.3", "v115.2" ] ],
    [ "ultrasonic1:VCC", "esp:5V", "red", [ "v9.6", "h-67.2", "v384" ] ],
    [ "ultrasonic1:TRIG", "esp:23", "green", [ "v28.8", "h86", "v201.6" ] ],
    [ "ultrasonic1:ECHO", "esp:22", "gold", [ "v19.2", "h95.2", "v220.8" ] ],
    [ "ultrasonic1:GND", "esp:GND.3", "black", [ "v9.6", "h104.4", "v268.8" ] ],
    [ "r1:2", "esp:5V", "green", [ "v0.55", "h42.66" ] ],
    [ "ldr1:GND", "esp:GND.3", "black", [ "h19.2", "v9.2", "h230.4", "v-134.4" ] ],
    [ "ldr1:AO", "esp:34", "green", [ "h19.2", "v37.7", "h-211.2", "v-259.2" ] ],
    [ "pir1:VCC", "esp:3V3", "red", [ "h-48", "v-288", "h-278.4", "v336" ] ],
    [ "pir1:OUT", "esp:19", "green", [ "v0" ] ],
    [ "pir1:GND", "esp:GND.3", "black", [ "v0" ] ],
    [ "ldr1:VCC", "r1:1", "red", [ "h0" ] ]
  ],
  "dependencies": {}
}