{
  "version": 1,
  "author": "Ana Domingues",
  "editor": "wokwi",
  "parts": [
    { "type": "board-esp32-devkit-c-v4", "id": "esp", "top": 0, "left": 0, "attrs": {} },
    {
      "type": "wokwi-resistor",
      "id": "r1",
      "top": 243.95,
      "left": 76.8,
      "attrs": { "value": "1000" }
    },
    {
      "type": "wokwi-lcd1602",
      "id": "lcd1",
      "top": 25.6,
      "left": 197.6,
      "attrs": { "pins": "i2c" }
    },
    {
      "type": "wokwi-dht22",
      "id": "dht1",
      "top": -143.7,
      "left": 23.4,
      "attrs": { "temperature": "65.5", "humidity": "18" }
    },
    {
      "type": "wokwi-hc-sr04",
      "id": "ultrasonic1",
      "top": 78.3,
      "left": -244.1,
      "attrs": { "distance": "113" }
    },
    {
      "type": "wokwi-photoresistor-sensor",
      "id": "ldr1",
      "top": 3.2,
      "left": -258.4,
      "attrs": {}
    },
    {
      "type": "wokwi-pir-motion-sensor",
      "id": "pir1",
      "top": 215.2,
      "left": -112.98,
      "attrs": {}
    }
  ],
  "connections": [
    [ "esp:TX", "$serialMonitor:RX", "", [] ],
    [ "esp:RX", "$serialMonitor:TX", "", [] ],
    [ "lcd1:GND", "esp:GND.2", "black", [ "h-67.2", "v-9.6" ] ],
    [ "lcd1:SDA", "esp:21", "green", [ "h0" ] ],
    [ "lcd1:SCL", "esp:22", "green", [ "h-67.2", "v0.3", "h-9.6", "v-38.4" ] ],
    [ "lcd1:VCC", "r1:2", "red", [ "h-67.2", "v0.1" ] ],
    [ "r1:1", "esp:5V", "green", [ "v0", "h-76.8" ] ],
    [ "dht1:VCC", "esp:3V3", "red", [ "v9.6", "h-38.4" ] ],
    [ "dht1:GND", "esp:GND.2", "black", [ "v9.6", "h28.8" ] ],
    [ "ultrasonic1:VCC", "esp:5V", "red", [ "v0" ] ],
    [ "ultrasonic1:GND", "esp:GND.1", "black", [ "v0" ] ],
    [ "ultrasonic1:TRIG", "esp:12", "green", [ "v19.2", "h114.8", "v-48" ] ],
    [ "ultrasonic1:ECHO", "esp:14", "green", [ "v9.6", "h95.2", "v-48" ] ],
    [ "ldr1:AO", "esp:34", "green", [ "h38.4", "v18.5" ] ],
    [ "ldr1:GND", "esp:GND.1", "black", [ "h19.2", "v124.4" ] ],
    [ "ldr1:VCC", "esp:3V3", "red", [ "h0" ] ],
    [ "pir1:GND", "esp:GND.1", "black", [ "v0", "h47.74", "v-153.6" ] ],
    [ "pir1:VCC", "esp:5V", "red", [ "v0", "h-48", "v-105.6" ] ],
    [ "pir1:OUT", "esp:13", "green", [ "v9.6", "h47.86", "v-153.6" ] ],
    [ "dht1:SDA", "esp:4", "green", [ "v19.2", "h67.3", "v153.6" ] ]
  ],
  "dependencies": {}
}